1756485823319339300,RUN_META,"config=unsaved,mode=GUI,app=RBciAD"
1756485823320888400,CPU_MEM,"cpu=0.0,rss_mb=267"
1756485823321200400,RUN_BEGIN,path=runs\20250829_174343.csv
1756485823321441700,START_TTFP,
1756485823821861500,CPU_MEM,"cpu=4.9,rss_mb=267"
1756485824256251400,RENDER_STATS,"fps=0.00,dropped_frames=0,total_frames=0,dropped_frames_pct=0.00,throughput_sps=0"
1756485824323712100,CPU_MEM,"cpu=12.4,rss_mb=267"
1756485824825044200,CPU_MEM,"cpu=14.1,rss_mb=267"
1756485825326691000,CPU_MEM,"cpu=12.0,rss_mb=267"
1756485825829536000,CPU_MEM,"cpu=13.5,rss_mb=267"
1756485826257857500,RENDER_STATS,"fps=0.00,dropped_frames=0,total_frames=0,dropped_frames_pct=0.00,throughput_sps=0"
1756485826331153300,CPU_MEM,"cpu=6.6,rss_mb=267"
1756485826833938200,CPU_MEM,"cpu=3.2,rss_mb=267"
1756485827336398600,CPU_MEM,"cpu=0.8,rss_mb=267"
1756485827838441400,CPU_MEM,"cpu=3.9,rss_mb=267"
1756485828339384700,CPU_MEM,"cpu=35.4,rss_mb=269"
1756485828374007200,RENDER_STATS,"fps=0.00,dropped_frames=0,total_frames=0,dropped_frames_pct=0.00,throughput_sps=0"
1756485828841236800,CPU_MEM,"cpu=5.3,rss_mb=269"
1756485829342465100,CPU_MEM,"cpu=2.4,rss_mb=269"
1756485829844568500,CPU_MEM,"cpu=9.1,rss_mb=269"
1756485830272320100,RENDER_STATS,"fps=0.00,dropped_frames=0,total_frames=0,dropped_frames_pct=0.00,throughput_sps=0"
1756485830346694100,CPU_MEM,"cpu=1.5,rss_mb=269"
1756485830849046200,CPU_MEM,"cpu=10.2,rss_mb=269"
1756485831025932400,START_TTFP,
1756485831084535300,TTFP,ttfp_s=0.05898740002885461
1756485831145784700,FRAME_RENDERED,lat_ms=58.76630009151995
1756485831146238000,CPU_MEM,"cpu=7.9,rss_mb=267"
1756485831245468700,FRAME_RENDERED,lat_ms=42.56579978391528
1756485831339504800,FRAME_RENDERED,lat_ms=38.824399933218956
1756485831354370000,CPU_MEM,"cpu=25.3,rss_mb=267"
1756485831427386800,FRAME_RENDERED,lat_ms=34.53919989988208
1756485831531588600,FRAME_RENDERED,lat_ms=34.15880003012717
1756485831641045300,FRAME_RENDERED,lat_ms=33.59969984740019
1756485831749156200,FRAME_RENDERED,lat_ms=34.60130002349615
1756485831857866400,CPU_MEM,"cpu=13.6,rss_mb=267"
1756485831858954400,FRAME_RENDERED,lat_ms=33.52169995196164
1756485831970169700,FRAME_RENDERED,lat_ms=33.04439992643893
1756485832158052900,FRAME_RENDERED,lat_ms=109.22050010412931
1756485832158482000,CPU_MEM,"cpu=14.2,rss_mb=267"
1756485832246364800,FRAME_RENDERED,lat_ms=33.2164999563247
1756485832340880200,FRAME_RENDERED,lat_ms=38.159399991855025
1756485832341714400,RENDER_STATS,"fps=5.80,dropped_frames=0,total_frames=12,dropped_frames_pct=0.00,throughput_sps=148496"
1756485832395814800,CPU_MEM,"cpu=14.8,rss_mb=267"
1756485832430426400,FRAME_RENDERED,lat_ms=33.224199898540974
1756485832531218000,FRAME_RENDERED,lat_ms=38.100099889561534
1756485832637263000,FRAME_RENDERED,lat_ms=34.47310021147132
1756485832753472000,FRAME_RENDERED,lat_ms=41.23760014772415
1756485832849879300,FRAME_RENDERED,lat_ms=34.30390008725226
1756485832904645200,CPU_MEM,"cpu=15.1,rss_mb=267"
1756485832975351100,FRAME_RENDERED,lat_ms=37.76469989679754
1756485833077839100,FRAME_RENDERED,lat_ms=33.209099899977446
1756485833188450500,FRAME_RENDERED,lat_ms=34.39980000257492
1756485833188897800,CPU_MEM,"cpu=14.4,rss_mb=267"
1756485833296232400,FRAME_RENDERED,lat_ms=34.50860013253987
1756485833405875600,FRAME_RENDERED,lat_ms=34.05599994584918
1756485833415715400,CPU_MEM,"cpu=11.4,rss_mb=267"
1756485833520432000,FRAME_RENDERED,lat_ms=37.08210005424917
1756485833623591900,FRAME_RENDERED,lat_ms=34.05399993062019
1756485833748211000,FRAME_RENDERED,lat_ms=34.192899940535426
1756485833857369500,FRAME_RENDERED,lat_ms=33.50230003707111
1756485833935458800,CPU_MEM,"cpu=9.8,rss_mb=267"
1756485833966605700,FRAME_RENDERED,lat_ms=33.78169983625412
1756485834078354800,FRAME_RENDERED,lat_ms=36.13810008391738
1756485834190454900,FRAME_RENDERED,lat_ms=37.386100040748715
1756485834190913900,CPU_MEM,"cpu=9.9,rss_mb=267"
1756485834296739800,FRAME_RENDERED,lat_ms=33.624800154939294
1756485834302391900,RENDER_STATS,"fps=9.18,dropped_frames=0,total_frames=18,dropped_frames_pct=0.00,throughput_sps=235065"
1756485834403847700,FRAME_RENDERED,lat_ms=34.18240020982921
1756485834439811100,CPU_MEM,"cpu=9.8,rss_mb=267"
1756485834514408600,FRAME_RENDERED,lat_ms=35.57380009442568
1756485834624381100,FRAME_RENDERED,lat_ms=33.283700002357364
1756485834734681100,FRAME_RENDERED,lat_ms=34.11819995380938
1756485834841963600,FRAME_RENDERED,lat_ms=34.74660008214414
1756485834955457800,CPU_MEM,"cpu=15.9,rss_mb=267"
1756485834957736800,FRAME_RENDERED,lat_ms=36.20849992148578
1756485835076073600,FRAME_RENDERED,lat_ms=33.28599990345538
1756485835195253600,FRAME_RENDERED,lat_ms=47.15889994986355
1756485835195750000,CPU_MEM,"cpu=13.1,rss_mb=267"
1756485835297059000,FRAME_RENDERED,lat_ms=36.341700004413724
1756485835403525400,FRAME_RENDERED,lat_ms=34.19100004248321
1756485835485124600,CPU_MEM,"cpu=10.6,rss_mb=267"
1756485835517308000,FRAME_RENDERED,lat_ms=33.79400004632771
1756485835644089800,FRAME_RENDERED,lat_ms=33.32500020042062
1756485835749280500,FRAME_RENDERED,lat_ms=35.41440004482865
1756485835843562600,FRAME_RENDERED,lat_ms=34.370699897408485
1756485835951857200,FRAME_RENDERED,lat_ms=33.442600164562464
1756485835988819800,CPU_MEM,"cpu=14.7,rss_mb=267"
1756485836066135700,FRAME_RENDERED,lat_ms=36.70979989692569
1756485836185649400,FRAME_RENDERED,lat_ms=36.89060010947287
1756485836303020200,FRAME_RENDERED,lat_ms=41.057199938222766
1756485836303487600,CPU_MEM,"cpu=12.8,rss_mb=267"
1756485836303954800,RENDER_STATS,"fps=8.99,dropped_frames=0,total_frames=18,dropped_frames_pct=0.00,throughput_sps=230252"
1756485836406580600,FRAME_RENDERED,lat_ms=34.089500084519386
1756485836495433900,CPU_MEM,"cpu=11.3,rss_mb=267"
1756485836532495800,FRAME_RENDERED,lat_ms=48.48550003953278
1756485836624153100,FRAME_RENDERED,lat_ms=33.75009982846677
1756485836749038200,FRAME_RENDERED,lat_ms=49.36420009471476
1756485836842551800,FRAME_RENDERED,lat_ms=34.18210009112954
1756485836966592400,FRAME_RENDERED,lat_ms=46.85269994661212
1756485837016119200,CPU_MEM,"cpu=11.7,rss_mb=267"
1756485837068655600,FRAME_RENDERED,lat_ms=36.8175997864455
1756485837194030700,FRAME_RENDERED,lat_ms=41.09479999169707
1756485837280850600,FRAME_RENDERED,lat_ms=32.89370005950332
1756485837396232400,FRAME_RENDERED,lat_ms=33.083399990573525
1756485837396684100,CPU_MEM,"cpu=13.4,rss_mb=267"
1756485837499120200,FRAME_RENDERED,lat_ms=33.84699998423457
1756485837534730500,CPU_MEM,"cpu=14.4,rss_mb=267"
1756485837609704400,FRAME_RENDERED,lat_ms=35.4698000010103
1756485837718927300,FRAME_RENDERED,lat_ms=34.361699828878045
1756485837828865400,FRAME_RENDERED,lat_ms=34.314800053834915
1756485837936826200,FRAME_RENDERED,lat_ms=34.01719988323748
1756485838041029300,CPU_MEM,"cpu=12.6,rss_mb=267"
1756485838047921400,FRAME_RENDERED,lat_ms=35.78310017473996
1756485838172155600,FRAME_RENDERED,lat_ms=32.824299996718764
1756485838268280600,FRAME_RENDERED,lat_ms=34.77050014771521
1756485838374696500,FRAME_RENDERED,lat_ms=33.96839997731149
1756485838375125800,RENDER_STATS,"fps=9.17,dropped_frames=0,total_frames=19,dropped_frames_pct=0.00,throughput_sps=234871"
1756485838483120700,FRAME_RENDERED,lat_ms=33.59979996457696
1756485838483607100,CPU_MEM,"cpu=11.5,rss_mb=267"
1756485838555383900,CPU_MEM,"cpu=10.8,rss_mb=267"
1756485838593904700,FRAME_RENDERED,lat_ms=33.644699957221746
1756485838712442900,FRAME_RENDERED,lat_ms=35.68610013462603
1756485838813665800,FRAME_RENDERED,lat_ms=35.9993998426944
1756485838931117200,FRAME_RENDERED,lat_ms=43.16810006275773
1756485839058208800,CPU_MEM,"cpu=27.9,rss_mb=267"
1756485839088067900,FRAME_RENDERED,lat_ms=81.7603999748826
1756485839181041700,FRAME_RENDERED,lat_ms=33.883299911394715
1756485839275277900,FRAME_RENDERED,lat_ms=39.53760000877082
1756485839369587900,FRAME_RENDERED,lat_ms=34.182900097221136
1756485839482215200,FRAME_RENDERED,lat_ms=33.14019995741546
1756485839561072700,CPU_MEM,"cpu=15.1,rss_mb=267"
1756485839588089100,FRAME_RENDERED,lat_ms=41.25629994086921
1756485839588535300,CPU_MEM,"cpu=20.4,rss_mb=267"
1756485839698446500,FRAME_RENDERED,lat_ms=36.99569986201823
1756485839810846700,FRAME_RENDERED,lat_ms=35.01410013996065
1756485839918923200,FRAME_RENDERED,lat_ms=34.39799998886883
1756485840034244300,FRAME_RENDERED,lat_ms=34.40979984588921
1756485840066248100,CPU_MEM,"cpu=12.2,rss_mb=267"
1756485840144118700,FRAME_RENDERED,lat_ms=40.3160999994725
1756485840252200400,FRAME_RENDERED,lat_ms=33.82749995216727
1756485840355312900,FRAME_RENDERED,lat_ms=33.489600056782365
1756485840355741800,RENDER_STATS,"fps=9.09,dropped_frames=0,total_frames=18,dropped_frames_pct=0.00,throughput_sps=232679"
1756485840465859800,FRAME_RENDERED,lat_ms=33.420100109651685
1756485840569544700,CPU_MEM,"cpu=11.3,rss_mb=267"
1756485840578791000,FRAME_RENDERED,lat_ms=36.806900054216385
1756485840698898900,FRAME_RENDERED,lat_ms=34.489399986341596
1756485840699350800,CPU_MEM,"cpu=11.7,rss_mb=267"
1756485840795639900,FRAME_RENDERED,lat_ms=35.207799868658185
1756485840905294600,FRAME_RENDERED,lat_ms=34.576699836179614
1756485841028212000,FRAME_RENDERED,lat_ms=49.23110012896359
1756485841089735600,CPU_MEM,"cpu=12.8,rss_mb=267"
1756485841123900800,FRAME_RENDERED,lat_ms=33.69259997271001
1756485841236693900,FRAME_RENDERED,lat_ms=39.759499952197075
1756485841344540000,FRAME_RENDERED,lat_ms=37.35519992187619
1756485841448854900,FRAME_RENDERED,lat_ms=34.28720007650554
1756485841563359900,FRAME_RENDERED,lat_ms=33.573799999430776
1756485841594014200,CPU_MEM,"cpu=13.2,rss_mb=267"
1756485841673729800,FRAME_RENDERED,lat_ms=39.06069998629391
1756485841795595100,FRAME_RENDERED,lat_ms=35.1193998940289
1756485841796119700,CPU_MEM,"cpu=14.3,rss_mb=267"
1756485841902861400,FRAME_RENDERED,lat_ms=49.69869996421039
1756485841998230500,FRAME_RENDERED,lat_ms=35.20909999497235
1756485842101850800,CPU_MEM,"cpu=16.0,rss_mb=267"
1756485842107998400,FRAME_RENDERED,lat_ms=34.970999928191304
1756485842238412100,FRAME_RENDERED,lat_ms=55.824599927291274
1756485842330596200,FRAME_RENDERED,lat_ms=34.30510009638965
1756485842331150000,RENDER_STATS,"fps=9.11,dropped_frames=0,total_frames=18,dropped_frames_pct=0.00,throughput_sps=233293"
1756485842435052300,FRAME_RENDERED,lat_ms=33.748599933460355
1756485842544878000,FRAME_RENDERED,lat_ms=33.77790004014969
1756485842678044000,CPU_MEM,"cpu=11.6,rss_mb=267"
1756485842725020800,FRAME_RENDERED,lat_ms=34.312599804252386
1756485842812821300,FRAME_RENDERED,lat_ms=33.87410007417202
1756485842813280400,CPU_MEM,"cpu=12.9,rss_mb=267"
1756485842905321000,FRAME_RENDERED,lat_ms=37.9765999969095
1756485842991349800,FRAME_RENDERED,lat_ms=32.60900010354817
1756485843100000100,FRAME_RENDERED,lat_ms=37.71569998934865
1756485843190339400,CPU_MEM,"cpu=12.2,rss_mb=267"
1756485843205667200,FRAME_RENDERED,lat_ms=33.382599940523505
1756485843321461700,FRAME_RENDERED,lat_ms=34.433200024068356
1756485843433751500,FRAME_RENDERED,lat_ms=46.20459978468716
1756485843544903800,FRAME_RENDERED,lat_ms=46.91189993172884
1756485843647558600,FRAME_RENDERED,lat_ms=36.63280000910163
1756485843715412400,CPU_MEM,"cpu=12.4,rss_mb=267"
1756485843751780800,FRAME_RENDERED,lat_ms=34.66350003145635
1756485843870183000,FRAME_RENDERED,lat_ms=39.64799991808832
1756485843870742700,CPU_MEM,"cpu=13.3,rss_mb=267"
1756485843976699600,FRAME_RENDERED,lat_ms=33.88780006207526
1756485844087526600,FRAME_RENDERED,lat_ms=34.458399983122945
1756485844198649900,FRAME_RENDERED,lat_ms=33.35229982621968
1756485844220003100,CPU_MEM,"cpu=13.2,rss_mb=267"
1756485844308509000,FRAME_RENDERED,lat_ms=34.849500050768256
1756485844309045500,RENDER_STATS,"fps=9.10,dropped_frames=0,total_frames=18,dropped_frames_pct=0.00,throughput_sps=232999"
1756485844408523600,FRAME_RENDERED,lat_ms=33.83499989286065
1756485844534179000,FRAME_RENDERED,lat_ms=53.3948999363929
1756485844633597900,FRAME_RENDERED,lat_ms=35.55799997411668
1756485844725333200,CPU_MEM,"cpu=13.6,rss_mb=267"
1756485844737840700,FRAME_RENDERED,lat_ms=36.245600087568164
1756485844844485500,FRAME_RENDERED,lat_ms=33.80689979530871
1756485844952413000,FRAME_RENDERED,lat_ms=33.97919982671738
1756485844952857900,CPU_MEM,"cpu=12.2,rss_mb=267"
1756485845060874800,FRAME_RENDERED,lat_ms=33.47210003994405
1756485845171555500,FRAME_RENDERED,lat_ms=34.052500035613775
1756485845259540100,CPU_MEM,"cpu=11.6,rss_mb=267"
1756485845298822300,FRAME_RENDERED,lat_ms=33.14489987678826
1756485845393486700,FRAME_RENDERED,lat_ms=35.28910013847053
1756485845498792100,FRAME_RENDERED,lat_ms=33.48930017091334
1756485845608081400,FRAME_RENDERED,lat_ms=34.87539989873767
1756485845719588300,FRAME_RENDERED,lat_ms=35.07059998810291
1756485845796357300,CPU_MEM,"cpu=11.5,rss_mb=267"
1756485845827340100,FRAME_RENDERED,lat_ms=35.18959996290505
1756485845934792600,FRAME_RENDERED,lat_ms=33.93609984777868
1756485846068120300,FRAME_RENDERED,lat_ms=36.61930002272129
1756485846068564200,CPU_MEM,"cpu=13.3,rss_mb=267"
1756485846212418700,FRAME_RENDERED,lat_ms=55.439600022509694
1756485846295406000,FRAME_RENDERED,lat_ms=32.793099991977215
1756485846300526100,CPU_MEM,"cpu=15.9,rss_mb=267"
1756485846316684600,RENDER_STATS,"fps=8.97,dropped_frames=0,total_frames=18,dropped_frames_pct=0.00,throughput_sps=229566"
1756485846401037300,FRAME_RENDERED,lat_ms=33.73710019513965
1756485846510171700,FRAME_RENDERED,lat_ms=33.68480014614761
1756485846613428100,FRAME_RENDERED,lat_ms=37.36139996908605
1756485846717418900,FRAME_RENDERED,lat_ms=35.42360011488199
1756485846808053900,CPU_MEM,"cpu=11.2,rss_mb=267"
1756485846838247100,FRAME_RENDERED,lat_ms=46.56719998456538
1756485846971075400,FRAME_RENDERED,lat_ms=56.674899999052286
1756485847055988400,FRAME_RENDERED,lat_ms=33.28390000388026
1756485847158385500,FRAME_RENDERED,lat_ms=37.28620009496808
1756485847158798100,CPU_MEM,"cpu=11.6,rss_mb=267"
1756485847267577900,FRAME_RENDERED,lat_ms=38.28640002757311
1756485847337809600,CPU_MEM,"cpu=14.4,rss_mb=267"
1756485847372414500,FRAME_RENDERED,lat_ms=34.794499864801764
1756485847481568600,FRAME_RENDERED,lat_ms=33.872699830681086
1756485847610157600,FRAME_RENDERED,lat_ms=53.61139983870089
1756485847702855600,FRAME_RENDERED,lat_ms=34.48889986611903
1756485847809635900,FRAME_RENDERED,lat_ms=35.12610006146133
1756485847846819200,CPU_MEM,"cpu=14.0,rss_mb=267"
1756485847922644100,FRAME_RENDERED,lat_ms=35.63249995931983
1756485848041788200,FRAME_RENDERED,lat_ms=47.116999980062246
1756485848141097900,FRAME_RENDERED,lat_ms=36.61019983701408
1756485848258959000,FRAME_RENDERED,lat_ms=34.69039988704026
1756485848259443800,CPU_MEM,"cpu=14.4,rss_mb=267"
1756485848359691700,CPU_MEM,"cpu=13.7,rss_mb=267"
1756485848360652000,FRAME_RENDERED,lat_ms=35.96440004184842
1756485848361096600,RENDER_STATS,"fps=9.29,dropped_frames=0,total_frames=19,dropped_frames_pct=0.00,throughput_sps=237948"
1756485848471396200,FRAME_RENDERED,lat_ms=35.34039994701743
1756485848576429100,FRAME_RENDERED,lat_ms=34.80900009162724
1756485848690416300,FRAME_RENDERED,lat_ms=37.23450005054474
1756485848795443900,FRAME_RENDERED,lat_ms=33.448100090026855
1756485848870289700,CPU_MEM,"cpu=11.7,rss_mb=267"
1756485848904214800,FRAME_RENDERED,lat_ms=34.450999926775694
1756485849040710100,FRAME_RENDERED,lat_ms=50.397600047290325
1756485849134254100,FRAME_RENDERED,lat_ms=33.945499919354916
1756485849238579100,FRAME_RENDERED,lat_ms=34.67679978348315
1756485849354271300,FRAME_RENDERED,lat_ms=34.66960019432008
1756485849354786400,CPU_MEM,"cpu=12.1,rss_mb=267"
1756485849376216800,CPU_MEM,"cpu=11.3,rss_mb=267"
1756485849453252700,FRAME_RENDERED,lat_ms=35.1630998775363
1756485849581242100,FRAME_RENDERED,lat_ms=53.98039985448122
1756485849675161700,FRAME_RENDERED,lat_ms=33.145499881356955
1756485849779336200,FRAME_RENDERED,lat_ms=32.945699989795685
1756485849883339700,CPU_MEM,"cpu=13.4,rss_mb=267"
1756485849893100000,FRAME_RENDERED,lat_ms=36.18200006894767
1756485850010655900,FRAME_RENDERED,lat_ms=32.95859997160733
1756485850123268100,FRAME_RENDERED,lat_ms=34.26690003834665
1756485850216515000,FRAME_RENDERED,lat_ms=33.44459994696081
1756485850334725700,FRAME_RENDERED,lat_ms=36.95149999111891
1756485850335258800,RENDER_STATS,"fps=9.12,dropped_frames=0,total_frames=18,dropped_frames_pct=0.00,throughput_sps=233440"
1756485850405071100,CPU_MEM,"cpu=10.6,rss_mb=267"
1756485850439571300,FRAME_RENDERED,lat_ms=34.1115000192076
1756485850440127200,CPU_MEM,"cpu=11.9,rss_mb=267"
1756485850562650200,FRAME_RENDERED,lat_ms=43.59630006365478
1756485850726507200,FRAME_RENDERED,lat_ms=103.25739998370409
1756485850813474500,FRAME_RENDERED,lat_ms=33.969099866226315
1756485850904673900,FRAME_RENDERED,lat_ms=37.954100174829364
1756485850906080500,CPU_MEM,"cpu=15.8,rss_mb=267"
1756485850991998100,FRAME_RENDERED,lat_ms=33.02179998718202
1756485851106843200,FRAME_RENDERED,lat_ms=36.61179984919727
1756485851203145500,FRAME_RENDERED,lat_ms=33.114900114014745
1756485851317359300,FRAME_RENDERED,lat_ms=39.30839989334345
1756485851413152500,CPU_MEM,"cpu=10.5,rss_mb=267"
1756485851451564500,FRAME_RENDERED,lat_ms=49.98479993082583
1756485851452037100,CPU_MEM,"cpu=12.9,rss_mb=267"
1756485851543923700,FRAME_RENDERED,lat_ms=33.77870004624128
1756485851651690900,FRAME_RENDERED,lat_ms=34.269999945536256
1756485851749478200,FRAME_RENDERED,lat_ms=34.13300006650388
1756485851859413000,FRAME_RENDERED,lat_ms=34.44659989327192
1756485851933263500,CPU_MEM,"cpu=13.2,rss_mb=267"
1756485851969215800,FRAME_RENDERED,lat_ms=34.03989993967116
1756485852080313600,FRAME_RENDERED,lat_ms=33.67260005325079
1756485852187263200,FRAME_RENDERED,lat_ms=33.44330005347729
1756485852304946500,FRAME_RENDERED,lat_ms=37.18489990569651
1756485852323361400,RENDER_STATS,"fps=9.06,dropped_frames=0,total_frames=18,dropped_frames_pct=0.00,throughput_sps=231860"
1756485852410103500,FRAME_RENDERED,lat_ms=33.303899923339486
1756485852441393400,CPU_MEM,"cpu=10.9,rss_mb=267"
1756485852516271200,FRAME_RENDERED,lat_ms=34.958899952471256
1756485852516717700,CPU_MEM,"cpu=12.5,rss_mb=267"
1756485852636209900,FRAME_RENDERED,lat_ms=35.341199953109026
1756485852748511100,FRAME_RENDERED,lat_ms=36.83469980023801
1756485852854495700,FRAME_RENDERED,lat_ms=37.156900158151984
1756485852946638100,CPU_MEM,"cpu=14.7,rss_mb=267"
1756485852957467100,FRAME_RENDERED,lat_ms=33.606600016355515
1756485853066329700,FRAME_RENDERED,lat_ms=37.27119998075068
1756485853173992400,FRAME_RENDERED,lat_ms=34.40989996306598
1756485853283645800,FRAME_RENDERED,lat_ms=33.78350008279085
1756485853408462900,FRAME_RENDERED,lat_ms=35.81579984165728
1756485853468678000,CPU_MEM,"cpu=11.3,rss_mb=267"
1756485853502687500,FRAME_RENDERED,lat_ms=33.874399960041046
1756485853618274400,FRAME_RENDERED,lat_ms=34.62659986689687
1756485853618669700,CPU_MEM,"cpu=12.2,rss_mb=267"
1756485853747278000,FRAME_RENDERED,lat_ms=45.69109994918108
1756485853844249400,FRAME_RENDERED,lat_ms=33.53080013766885
1756485853952044400,FRAME_RENDERED,lat_ms=33.81849988363683
1756485853970774500,CPU_MEM,"cpu=10.2,rss_mb=267"
1756485854078116800,FRAME_RENDERED,lat_ms=36.61639988422394
1756485854183383100,FRAME_RENDERED,lat_ms=34.34649994596839
1756485854294663600,FRAME_RENDERED,lat_ms=33.40610000304878
1756485854392085300,FRAME_RENDERED,lat_ms=33.544200006872416
1756485854392515600,RENDER_STATS,"fps=9.18,dropped_frames=0,total_frames=19,dropped_frames_pct=0.00,throughput_sps=235115"
1756485854472981800,CPU_MEM,"cpu=13.3,rss_mb=267"
1756485854501688500,FRAME_RENDERED,lat_ms=33.5039000492543
1756485854640847900,FRAME_RENDERED,lat_ms=50.142900086939335
1756485854641313400,CPU_MEM,"cpu=11.7,rss_mb=267"
1756485854729694100,FRAME_RENDERED,lat_ms=34.799600020051
1756485854827588100,FRAME_RENDERED,lat_ms=33.669899916276336
1756485854945721900,FRAME_RENDERED,lat_ms=36.71819996088743
1756485854977189500,CPU_MEM,"cpu=14.6,rss_mb=267"
1756485855049840600,FRAME_RENDERED,lat_ms=34.864299930632114
1756485855165946500,FRAME_RENDERED,lat_ms=34.169199876487255
1756485855276010500,FRAME_RENDERED,lat_ms=34.27699999883771
1756485855379431400,FRAME_RENDERED,lat_ms=37.46440005488694
1756485855483796700,CPU_MEM,"cpu=11.1,rss_mb=267"
1756485855484922600,FRAME_RENDERED,lat_ms=34.10719987004995
1756485855613423400,FRAME_RENDERED,lat_ms=54.67620003037155
1756485855706837700,FRAME_RENDERED,lat_ms=34.265299793332815
1756485855707302100,CPU_MEM,"cpu=13.2,rss_mb=267"
1756485855818458600,FRAME_RENDERED,lat_ms=34.646499902009964
1756485855937601700,FRAME_RENDERED,lat_ms=34.476300003007054
1756485856016199300,CPU_MEM,"cpu=13.6,rss_mb=267"
1756485856049170300,FRAME_RENDERED,lat_ms=33.77790004014969
1756485856154809400,FRAME_RENDERED,lat_ms=33.34650001488626
1756485856285024300,FRAME_RENDERED,lat_ms=51.83740006759763
1756485856382159900,FRAME_RENDERED,lat_ms=32.85879991017282
1756485856382673300,RENDER_STATS,"fps=9.05,dropped_frames=0,total_frames=18,dropped_frames_pct=0.00,throughput_sps=231577"
1756485856487879200,FRAME_RENDERED,lat_ms=34.004899905994534
1756485856523080500,CPU_MEM,"cpu=11.7,rss_mb=267"
1756485856597425300,FRAME_RENDERED,lat_ms=36.41929989680648
1756485856715804200,FRAME_RENDERED,lat_ms=34.272100077942014
1756485856716298300,CPU_MEM,"cpu=12.3,rss_mb=267"
1756485856827082100,FRAME_RENDERED,lat_ms=34.723800141364336
1756485856930714600,FRAME_RENDERED,lat_ms=37.04879991710186
1756485857028375700,CPU_MEM,"cpu=14.1,rss_mb=267"
1756485857033546800,FRAME_RENDERED,lat_ms=33.83269999176264
1756485857153018400,FRAME_RENDERED,lat_ms=36.0534000210464
1756485857259450100,FRAME_RENDERED,lat_ms=41.44950001500547
1756485857396283600,FRAME_RENDERED,lat_ms=35.378600005060434
1756485857515714600,FRAME_RENDERED,lat_ms=49.24659989774227
1756485857534080200,CPU_MEM,"cpu=13.2,rss_mb=267"
1756485857610904800,FRAME_RENDERED,lat_ms=34.9008000921458
1756485857730794400,FRAME_RENDERED,lat_ms=35.252900095656514
1756485857731252800,CPU_MEM,"cpu=13.7,rss_mb=267"
1756485857829670600,FRAME_RENDERED,lat_ms=33.698899904266
1756485857941977000,FRAME_RENDERED,lat_ms=39.48729997500777
1756485858038685200,CPU_MEM,"cpu=11.0,rss_mb=267"
1756485858046706100,FRAME_RENDERED,lat_ms=34.140200121328235
1756485858171553800,FRAME_RENDERED,lat_ms=34.47939991019666
1756485858282609500,FRAME_RENDERED,lat_ms=35.802500089630485
1756485858377423900,FRAME_RENDERED,lat_ms=33.9944998268038
1756485858377787900,RENDER_STATS,"fps=9.02,dropped_frames=0,total_frames=18,dropped_frames_pct=0.00,throughput_sps=230992"
1756485858498142300,FRAME_RENDERED,lat_ms=35.43349984101951
1756485858559906300,CPU_MEM,"cpu=13.1,rss_mb=267"
1756485858595078100,FRAME_RENDERED,lat_ms=34.181500086560845
1756485858703771800,FRAME_RENDERED,lat_ms=34.64989992789924
1756485858812643900,FRAME_RENDERED,lat_ms=34.714800072833896
1756485858813247100,CPU_MEM,"cpu=13.9,rss_mb=267"
1756485858922333200,FRAME_RENDERED,lat_ms=35.132299875840545
1756485859037926900,FRAME_RENDERED,lat_ms=40.987899992614985
1756485859068323300,CPU_MEM,"cpu=21.1,rss_mb=267"
1756485859141053500,FRAME_RENDERED,lat_ms=35.163299879059196
1756485859260640400,FRAME_RENDERED,lat_ms=34.475000109523535
1756485859360954100,FRAME_RENDERED,lat_ms=33.17470010370016
1756485859473131900,FRAME_RENDERED,lat_ms=37.13200008496642
1756485859570689900,CPU_MEM,"cpu=17.0,rss_mb=267"
1756485859599031000,FRAME_RENDERED,lat_ms=39.080699905753136
1756485859704293900,FRAME_RENDERED,lat_ms=34.43339979276061
1756485859811604800,FRAME_RENDERED,lat_ms=34.06369988806546
1756485859921659100,FRAME_RENDERED,lat_ms=34.622699953615665
1756485859922119200,CPU_MEM,"cpu=16.7,rss_mb=267"
1756485860029627400,FRAME_RENDERED,lat_ms=33.97709992714226
1756485860103125300,CPU_MEM,"cpu=11.5,rss_mb=267"
1756485860142040300,FRAME_RENDERED,lat_ms=34.74390017800033
1756485860252413100,FRAME_RENDERED,lat_ms=33.510300097987056
1756485860375452500,FRAME_RENDERED,lat_ms=33.45320001244545
1756485860375908500,RENDER_STATS,"fps=9.01,dropped_frames=0,total_frames=18,dropped_frames_pct=0.00,throughput_sps=230639"
1756485860502506600,FRAME_RENDERED,lat_ms=33.25459989719093
1756485860607477800,FRAME_RENDERED,lat_ms=34.053900046274066
1756485860607966800,CPU_MEM,"cpu=11.6,rss_mb=267"
1756485860704332700,FRAME_RENDERED,lat_ms=33.47559995017946
1756485860814984700,FRAME_RENDERED,lat_ms=35.13340000063181
1756485860925361800,FRAME_RENDERED,lat_ms=36.52680013328791
1756485860925717700,CPU_MEM,"cpu=13.2,rss_mb=267"
1756485861030631100,FRAME_RENDERED,lat_ms=34.37009989283979
1756485861110695800,CPU_MEM,"cpu=14.7,rss_mb=267"
1756485861139953800,FRAME_RENDERED,lat_ms=33.60580001026392
1756485861326839300,FRAME_RENDERED,lat_ms=33.852400025352836
1756485861419581000,FRAME_RENDERED,lat_ms=33.363099908456206
1756485861510619300,FRAME_RENDERED,lat_ms=37.46829996816814
1756485861606608900,FRAME_RENDERED,lat_ms=34.034800017252564
1756485861612204800,CPU_MEM,"cpu=15.4,rss_mb=267"
1756485861706467000,FRAME_RENDERED,lat_ms=42.935100151225924
1756485861808376200,FRAME_RENDERED,lat_ms=35.16290010884404
1756485861905465400,FRAME_RENDERED,lat_ms=33.290599938482046
1756485862012870500,FRAME_RENDERED,lat_ms=33.35859999060631
1756485862013270600,CPU_MEM,"cpu=14.8,rss_mb=267"
1756485862115900400,CPU_MEM,"cpu=14.2,rss_mb=267"
1756485862129579300,FRAME_RENDERED,lat_ms=36.75079997628927
1756485862247783700,FRAME_RENDERED,lat_ms=33.20430009625852
1756485862346224500,FRAME_RENDERED,lat_ms=33.67729997262359
1756485862346766300,RENDER_STATS,"fps=9.13,dropped_frames=0,total_frames=18,dropped_frames_pct=0.00,throughput_sps=233835"
1756485862506894300,FRAME_RENDERED,lat_ms=56.372000137344
1756485862595868700,FRAME_RENDERED,lat_ms=33.332299906760454
1756485862651967400,CPU_MEM,"cpu=27.3,rss_mb=267"
1756485862692428400,FRAME_RENDERED,lat_ms=38.63289998844266
1756485862780027500,FRAME_RENDERED,lat_ms=33.694300102069974
1756485862891342200,FRAME_RENDERED,lat_ms=34.51410005800426
1756485863014849100,FRAME_RENDERED,lat_ms=33.241699915379286
1756485863015335300,CPU_MEM,"cpu=20.2,rss_mb=267"
1756485863126821400,FRAME_RENDERED,lat_ms=33.934899838641286
1756485863156641200,CPU_MEM,"cpu=11.7,rss_mb=267"
1756485863236981100,FRAME_RENDERED,lat_ms=35.67359992302954
1756485863351923800,FRAME_RENDERED,lat_ms=34.98400002717972
1756485863468486900,FRAME_RENDERED,lat_ms=37.920699920505285
1756485863563027800,FRAME_RENDERED,lat_ms=32.94139984063804
1756485863663709800,CPU_MEM,"cpu=10.4,rss_mb=267"
1756485863671893100,FRAME_RENDERED,lat_ms=34.45670008659363
1756485863796302100,FRAME_RENDERED,lat_ms=33.47039991058409
1756485863910701700,FRAME_RENDERED,lat_ms=35.93540005385876
1756485864007929600,FRAME_RENDERED,lat_ms=33.91890018247068
1756485864108564200,FRAME_RENDERED,lat_ms=33.50019990466535
1756485864109004100,CPU_MEM,"cpu=12.7,rss_mb=267"
1756485864186826300,CPU_MEM,"cpu=14.8,rss_mb=267"
1756485864219976100,FRAME_RENDERED,lat_ms=34.58239999599755
1756485864333021300,FRAME_RENDERED,lat_ms=37.48180018737912
1756485864333565000,RENDER_STATS,"fps=9.06,dropped_frames=0,total_frames=18,dropped_frames_pct=0.00,throughput_sps=231956"
1756485864439093900,FRAME_RENDERED,lat_ms=34.911799943074584
1756485864548646200,FRAME_RENDERED,lat_ms=36.86830005608499
1756485864661054600,FRAME_RENDERED,lat_ms=34.28940009325743
1756485864694363600,CPU_MEM,"cpu=10.5,rss_mb=267"
1756485864765828900,FRAME_RENDERED,lat_ms=34.945599967613816
1756485864886090400,FRAME_RENDERED,lat_ms=33.64309994503856
1756485864979912000,FRAME_RENDERED,lat_ms=33.174300100654364
1756485865093159000,FRAME_RENDERED,lat_ms=37.068799836561084
1756485865199467600,CPU_MEM,"cpu=14.9,rss_mb=267"
1756485865202005100,FRAME_RENDERED,lat_ms=34.06510013155639
1756485865202293700,CPU_MEM,"cpu=12.3,rss_mb=267"
1756485865312723600,FRAME_RENDERED,lat_ms=33.97909994237125
1756485865423587200,FRAME_RENDERED,lat_ms=36.92859993316233
1756485865539923300,FRAME_RENDERED,lat_ms=44.35019986703992
1756485865640430000,FRAME_RENDERED,lat_ms=36.139199975878
1756485865716439900,CPU_MEM,"cpu=10.8,rss_mb=267"
1756485865751260100,FRAME_RENDERED,lat_ms=36.042500054463744
1756485865867523500,FRAME_RENDERED,lat_ms=35.45639989897609
1756485865974216300,FRAME_RENDERED,lat_ms=34.68449995853007
1756485866082066900,FRAME_RENDERED,lat_ms=35.914900014176965
1756485866203816000,FRAME_RENDERED,lat_ms=33.43540010973811
1756485866204417600,CPU_MEM,"cpu=14.0,rss_mb=267"
1756485866217364500,CPU_MEM,"cpu=16.7,rss_mb=267"
1756485866316778600,FRAME_RENDERED,lat_ms=33.45200000330806
1756485866327087400,RENDER_STATS,"fps=9.03,dropped_frames=0,total_frames=18,dropped_frames_pct=0.00,throughput_sps=231182"
1756485866427385700,FRAME_RENDERED,lat_ms=33.91710016876459
1756485866532182600,FRAME_RENDERED,lat_ms=34.38029997050762
1756485866643638800,FRAME_RENDERED,lat_ms=33.08109985664487
1756485866720442600,CPU_MEM,"cpu=9.6,rss_mb=267"
1756485866747479200,FRAME_RENDERED,lat_ms=34.547700081020594
1756485866871163100,FRAME_RENDERED,lat_ms=39.413899881765246
1756485866972190000,FRAME_RENDERED,lat_ms=39.11129990592599
1756485867077335600,FRAME_RENDERED,lat_ms=33.7417998816818
1756485867197846700,FRAME_RENDERED,lat_ms=45.04510015249252
1756485867226695900,CPU_MEM,"cpu=11.1,rss_mb=267"
1756485867308288400,FRAME_RENDERED,lat_ms=45.599799836054444
1756485867308787700,CPU_MEM,"cpu=10.4,rss_mb=267"
1756485867424941700,FRAME_RENDERED,lat_ms=38.019000086933374
1756485867520069500,FRAME_RENDERED,lat_ms=33.33340003155172
1756485867633033100,FRAME_RENDERED,lat_ms=33.986999886110425
1756485867739008300,CPU_MEM,"cpu=10.6,rss_mb=267"
1756485867743870000,FRAME_RENDERED,lat_ms=33.170799957588315
1756485867855806400,FRAME_RENDERED,lat_ms=33.60680001787841
1756485867953502000,FRAME_RENDERED,lat_ms=34.301700070500374
1756485868061315100,FRAME_RENDERED,lat_ms=33.70820009149611
1756485868170992300,FRAME_RENDERED,lat_ms=33.55140006169677
1756485868245636300,CPU_MEM,"cpu=13.3,rss_mb=267"
1756485868289847900,FRAME_RENDERED,lat_ms=34.87959993071854
1756485868392698600,FRAME_RENDERED,lat_ms=34.90800014697015
1756485868393158400,CPU_MEM,"cpu=12.4,rss_mb=267"
1756485868393489700,RENDER_STATS,"fps=9.20,dropped_frames=0,total_frames=19,dropped_frames_pct=0.00,throughput_sps=235414"
1756485868522491200,FRAME_RENDERED,lat_ms=34.575700061395764
1756485868637078600,FRAME_RENDERED,lat_ms=33.243600046262145
1756485868735491900,FRAME_RENDERED,lat_ms=33.98040006868541
1756485868747616900,CPU_MEM,"cpu=12.9,rss_mb=267"
1756485868853297600,FRAME_RENDERED,lat_ms=35.68989993073046
1756485868972733800,FRAME_RENDERED,lat_ms=37.17589983716607
1756485869078251000,FRAME_RENDERED,lat_ms=33.83319987915456
1756485869194053100,FRAME_RENDERED,lat_ms=36.78629989735782
1756485869317899900,CPU_MEM,"cpu=11.4,rss_mb=267"
1756485869368484700,FRAME_RENDERED,lat_ms=100.25350004434586
1756485869454778500,FRAME_RENDERED,lat_ms=32.36559987999499
1756485869455257500,CPU_MEM,"cpu=11.6,rss_mb=267"
1756485869549267100,FRAME_RENDERED,lat_ms=37.95000002719462
1756485869637931900,FRAME_RENDERED,lat_ms=32.61780017055571
1756485869739319200,FRAME_RENDERED,lat_ms=36.67409997433424
1756485869831978000,CPU_MEM,"cpu=14.0,rss_mb=267"
1756485869845763000,FRAME_RENDERED,lat_ms=36.5359999705106
1756485869966560500,FRAME_RENDERED,lat_ms=47.69849986769259
1756485870078502700,FRAME_RENDERED,lat_ms=33.79060002043843
1756485870187494800,FRAME_RENDERED,lat_ms=33.54050009511411
1756485870298396900,FRAME_RENDERED,lat_ms=36.55270021408796
1756485870318886800,RENDER_STATS,"fps=8.83,dropped_frames=0,total_frames=17,dropped_frames_pct=0.00,throughput_sps=226084"
1756485870338130400,CPU_MEM,"cpu=11.2,rss_mb=267"
1756485870404698300,FRAME_RENDERED,lat_ms=34.58660002797842
1756485870523461500,FRAME_RENDERED,lat_ms=37.27799979969859
1756485870524201400,CPU_MEM,"cpu=13.5,rss_mb=267"
1756485870626257200,FRAME_RENDERED,lat_ms=34.27329985424876
1756485870756165000,FRAME_RENDERED,lat_ms=46.85670020990074
1756485870840936600,CPU_MEM,"cpu=14.1,rss_mb=267"
1756485870841893800,FRAME_RENDERED,lat_ms=34.152699867263436
1756485870955844500,FRAME_RENDERED,lat_ms=33.394900150597095
1756485871075605100,FRAME_RENDERED,lat_ms=44.31749996729195
1756485871167795800,FRAME_RENDERED,lat_ms=33.305499935522676
1756485871282824800,FRAME_RENDERED,lat_ms=38.786099990829825
1756485871359247100,CPU_MEM,"cpu=9.8,rss_mb=267"
1756485871389223600,FRAME_RENDERED,lat_ms=33.45820005051792
1756485871499434800,FRAME_RENDERED,lat_ms=35.06509982980788
1756485871608458100,FRAME_RENDERED,lat_ms=36.10250004567206
1756485871608848000,CPU_MEM,"cpu=10.4,rss_mb=267"
1756485871727197300,FRAME_RENDERED,lat_ms=45.23329995572567
1756485871824610600,FRAME_RENDERED,lat_ms=33.908599987626076
1756485871865211600,CPU_MEM,"cpu=11.8,rss_mb=267"
1756485871935604200,FRAME_RENDERED,lat_ms=35.40179994888604
1756485872045877300,FRAME_RENDERED,lat_ms=36.199500085785985
1756485872151012700,FRAME_RENDERED,lat_ms=33.08319998905063
1756485872263841200,FRAME_RENDERED,lat_ms=34.773399820551276
1756485872369629300,CPU_MEM,"cpu=10.0,rss_mb=267"
1756485872373897800,FRAME_RENDERED,lat_ms=33.82889996282756
1756485872374287200,RENDER_STATS,"fps=9.25,dropped_frames=0,total_frames=19,dropped_frames_pct=0.00,throughput_sps=236689"
1756485872482845400,FRAME_RENDERED,lat_ms=33.338900189846754
1756485872594333300,FRAME_RENDERED,lat_ms=34.12809991277754
1756485872703475000,FRAME_RENDERED,lat_ms=33.425900153815746
1756485872703903000,CPU_MEM,"cpu=11.8,rss_mb=267"
1756485872822069700,FRAME_RENDERED,lat_ms=41.39600018970668
1756485872892640400,CPU_MEM,"cpu=17.0,rss_mb=267"
1756485872927888800,FRAME_RENDERED,lat_ms=33.99610007181764
1756485873027273900,FRAME_RENDERED,lat_ms=33.63829990848899
1756485873142076600,FRAME_RENDERED,lat_ms=36.880800034850836
1756485873249118700,FRAME_RENDERED,lat_ms=34.47670000605285
1756485873355905800,FRAME_RENDERED,lat_ms=33.84170006029308
1756485873398230400,CPU_MEM,"cpu=9.4,rss_mb=267"
1756485873467567000,FRAME_RENDERED,lat_ms=33.92610000446439
1756485873590045300,FRAME_RENDERED,lat_ms=33.114099875092506
1756485873684776000,FRAME_RENDERED,lat_ms=32.93970017693937
1756485873798066400,FRAME_RENDERED,lat_ms=36.780400201678276
1756485873798449300,CPU_MEM,"cpu=13.0,rss_mb=267"
1756485873903375900,CPU_MEM,"cpu=13.1,rss_mb=267"
1756485873904350400,FRAME_RENDERED,lat_ms=33.620999893173575
1756485874018160500,FRAME_RENDERED,lat_ms=33.44889986328781
1756485874125054500,FRAME_RENDERED,lat_ms=33.542599994689226
1756485874234105500,FRAME_RENDERED,lat_ms=35.21910007111728
1756485874342245500,FRAME_RENDERED,lat_ms=33.82020001299679
1756485874342850700,RENDER_STATS,"fps=9.14,dropped_frames=0,total_frames=18,dropped_frames_pct=0.00,throughput_sps=234108"
1756485874416511700,CPU_MEM,"cpu=9.6,rss_mb=267"
1756485874456232100,FRAME_RENDERED,lat_ms=33.49480009637773
1756485874573357400,FRAME_RENDERED,lat_ms=33.46579987555742
1756485874685415300,FRAME_RENDERED,lat_ms=33.94530015066266
1756485874798273400,FRAME_RENDERED,lat_ms=36.80549981072545
1756485874798735100,CPU_MEM,"cpu=10.2,rss_mb=267"
1756485874906814400,FRAME_RENDERED,lat_ms=33.18530018441379
1756485874920574000,CPU_MEM,"cpu=12.9,rss_mb=267"
1756485875056279000,FRAME_RENDERED,lat_ms=43.389600003138185
1756485875157523400,FRAME_RENDERED,lat_ms=36.59529983997345
1756485875256589500,FRAME_RENDERED,lat_ms=43.06549998000264
1756485875348304200,FRAME_RENDERED,lat_ms=33.43389998190105
1756485875421501200,CPU_MEM,"cpu=32.6,rss_mb=267"
1756485875450775200,FRAME_RENDERED,lat_ms=38.614700082689524
1756485875578723100,FRAME_RENDERED,lat_ms=45.921900076791644
1756485875667230000,FRAME_RENDERED,lat_ms=33.119000028818846
1756485875773505600,FRAME_RENDERED,lat_ms=39.546099957078695
1756485875876231200,FRAME_RENDERED,lat_ms=33.78170006908476
1756485875876732800,CPU_MEM,"cpu=29.4,rss_mb=267"
1756485875947682100,CPU_MEM,"cpu=26.8,rss_mb=267"
1756485875984478800,FRAME_RENDERED,lat_ms=34.338600002229214
1756485876117706800,FRAME_RENDERED,lat_ms=49.33360009454191
1756485876205767600,FRAME_RENDERED,lat_ms=32.95980021357536
1756485876317027900,FRAME_RENDERED,lat_ms=37.57759998552501
1756485876322396800,RENDER_STATS,"fps=9.09,dropped_frames=0,total_frames=18,dropped_frames_pct=0.00,throughput_sps=232813"
1756485876420246600,FRAME_RENDERED,lat_ms=33.588899997994304
1756485876452078700,CPU_MEM,"cpu=12.6,rss_mb=267"
1756485876532906200,FRAME_RENDERED,lat_ms=35.37330008111894
1756485876646410000,FRAME_RENDERED,lat_ms=36.43300011754036
1756485876765498400,FRAME_RENDERED,lat_ms=37.011099979281425
1756485876861814200,FRAME_RENDERED,lat_ms=34.59140006452799
1756485876959957200,CPU_MEM,"cpu=11.4,rss_mb=267"
1756485876968476600,FRAME_RENDERED,lat_ms=33.52600010111928
1756485876968788200,CPU_MEM,"cpu=12.0,rss_mb=267"
1756485877078911100,FRAME_RENDERED,lat_ms=33.90210005454719
1756485877201731300,FRAME_RENDERED,lat_ms=39.0352001413703
1756485877321328400,FRAME_RENDERED,lat_ms=33.46420009620488
1756485877432783100,FRAME_RENDERED,lat_ms=34.446800127625465
1756485877496600000,CPU_MEM,"cpu=13.5,rss_mb=267"
1756485877535824700,FRAME_RENDERED,lat_ms=34.907199908047915
1756485877656203400,FRAME_RENDERED,lat_ms=43.749399948865175
1756485877751601700,FRAME_RENDERED,lat_ms=33.56759995222092
1756485877859978000,FRAME_RENDERED,lat_ms=34.10249995067716
1756485877976562400,FRAME_RENDERED,lat_ms=34.86949997022748
1756485877977047900,CPU_MEM,"cpu=12.4,rss_mb=267"
1756485878000644600,CPU_MEM,"cpu=10.6,rss_mb=267"
1756485878080238500,FRAME_RENDERED,lat_ms=34.40270014107227
1756485878187580800,FRAME_RENDERED,lat_ms=32.93699980713427
1756485878296674700,FRAME_RENDERED,lat_ms=33.5033000446856
1756485878319245100,RENDER_STATS,"fps=9.02,dropped_frames=0,total_frames=18,dropped_frames_pct=0.00,throughput_sps=230831"
1756485878408961800,FRAME_RENDERED,lat_ms=33.35859999060631
1756485878507038700,CPU_MEM,"cpu=12.2,rss_mb=267"
1756485878519370600,FRAME_RENDERED,lat_ms=35.529299871996045
1756485878640332500,FRAME_RENDERED,lat_ms=33.45699980854988
1756485878754722900,FRAME_RENDERED,lat_ms=46.283300034701824
1756485878852264500,FRAME_RENDERED,lat_ms=33.85030012577772
1756485878954560500,FRAME_RENDERED,lat_ms=33.65999995730817
1756485879039787900,CPU_MEM,"cpu=11.6,rss_mb=267"
1756485879080955900,FRAME_RENDERED,lat_ms=52.159100072458386
1756485879081471900,CPU_MEM,"cpu=11.9,rss_mb=267"
1756485879175388400,FRAME_RENDERED,lat_ms=33.76420005224645
1756485879282761800,FRAME_RENDERED,lat_ms=33.67540007457137
1756485879397993200,FRAME_RENDERED,lat_ms=34.90189998410642
1756485879517774500,FRAME_RENDERED,lat_ms=32.29329991154373
1756485879545820200,CPU_MEM,"cpu=15.1,rss_mb=267"
1756485879635670200,FRAME_RENDERED,lat_ms=35.28579999692738
1756485879736839400,FRAME_RENDERED,lat_ms=34.863000037148595
1756485879916173200,FRAME_RENDERED,lat_ms=35.240900004282594
1756485880002045600,FRAME_RENDERED,lat_ms=32.548399874940515
1756485880057619200,CPU_MEM,"cpu=13.6,rss_mb=267"
1756485880095303400,FRAME_RENDERED,lat_ms=37.85530012100935
1756485880095778600,CPU_MEM,"cpu=14.4,rss_mb=267"
1756485880185097000,FRAME_RENDERED,lat_ms=34.01090018451214
1756485880280903600,FRAME_RENDERED,lat_ms=32.904500141739845
1756485880391903400,FRAME_RENDERED,lat_ms=36.640800070017576
1756485880392329000,RENDER_STATS,"fps=9.17,dropped_frames=0,total_frames=19,dropped_frames_pct=0.00,throughput_sps=234661"
1756485880500509900,FRAME_RENDERED,lat_ms=33.425900153815746
1756485880572199100,CPU_MEM,"cpu=12.1,rss_mb=267"
1756485880610367500,FRAME_RENDERED,lat_ms=34.732099855318666
1756485880722246900,FRAME_RENDERED,lat_ms=36.25159990042448
1756485880830724200,FRAME_RENDERED,lat_ms=35.41330015286803
1756485880935848700,FRAME_RENDERED,lat_ms=33.54289988055825
1756485881056410600,FRAME_RENDERED,lat_ms=43.29519998282194
1756485881096567200,CPU_MEM,"cpu=12.6,rss_mb=267"
1756485881169880900,FRAME_RENDERED,lat_ms=45.423599891364574
1756485881170280500,CPU_MEM,"cpu=12.2,rss_mb=267"
1756485881277126600,FRAME_RENDERED,lat_ms=36.49340011179447
1756485881374665100,FRAME_RENDERED,lat_ms=33.091200049966574
1756485881484865100,FRAME_RENDERED,lat_ms=33.852400025352836
1756485881611178800,FRAME_RENDERED,lat_ms=36.88020003028214
1756485881626277300,CPU_MEM,"cpu=14.2,rss_mb=267"
1756485881713269400,FRAME_RENDERED,lat_ms=37.316499976441264
1756485881834783800,FRAME_RENDERED,lat_ms=49.311399925500154
1756485881932378400,FRAME_RENDERED,lat_ms=33.73500006273389
1756485882053898400,FRAME_RENDERED,lat_ms=44.010099954903126
1756485882135856800,CPU_MEM,"cpu=14.9,rss_mb=267"
1756485882143504400,FRAME_RENDERED,lat_ms=33.44699996523559
1756485882251121100,FRAME_RENDERED,lat_ms=33.79829996265471
1756485882251530200,CPU_MEM,"cpu=14.5,rss_mb=267"
1756485882358683000,FRAME_RENDERED,lat_ms=33.40959991328418
1756485882359184500,RENDER_STATS,"fps=9.15,dropped_frames=0,total_frames=18,dropped_frames_pct=0.00,throughput_sps=234308"
1756485882473113900,FRAME_RENDERED,lat_ms=35.49639997072518
1756485882580236100,FRAME_RENDERED,lat_ms=34.20660016126931
1756485882648402800,CPU_MEM,"cpu=11.3,rss_mb=267"
1756485882687727400,FRAME_RENDERED,lat_ms=33.28079986386001
1756485882812713900,FRAME_RENDERED,lat_ms=38.02270023152232
1756485882909291100,FRAME_RENDERED,lat_ms=33.71100011281669
1756485883015363300,FRAME_RENDERED,lat_ms=33.760499907657504
1756485883127198600,FRAME_RENDERED,lat_ms=37.0537000708282
1756485883149434700,CPU_MEM,"cpu=11.2,rss_mb=267"
1756485883244222000,FRAME_RENDERED,lat_ms=32.909799832850695
1756485883346053000,FRAME_RENDERED,lat_ms=36.311900010332465
1756485883346516900,CPU_MEM,"cpu=11.1,rss_mb=267"
1756485883466665300,FRAME_RENDERED,lat_ms=46.488899970427155
1756485883467565100,RUN_END,force=0
1756485883467714100,RUN_END,
